Word,Prompt,GPT Response,Char count
Adaptation,In less than 1000 characters describe Adaptation,"Adaptation refers to the process by which organisms become better suited to their environment. In biological terms, it's an evolutionary process where changes in genes lead to variations in traits that can help a species survive and reproduce more effectively in their specific ecological niche. These adaptations can be structural, like the long neck of a giraffe for reaching high leaves; behavioral, like birds migrating to warmer climates; or physiological, such as the development of thicker fur in animals living in colder regions. Adaptation is a key concept in evolutionary biology, illustrating how species evolve over generations to better meet the challenges of their environments.",692
Advancement,In less than 1000 characters describe Advancement,"Advancement refers to the process of moving forward or improving in various aspects, such as technology, society, career, education, or personal development. It encompasses the adoption of new ideas, the refinement of skills, and the acquisition of greater knowledge, leading to progress and betterment. In a professional context, it can mean climbing the corporate ladder or gaining additional qualifications. In technology, it involves innovation and the creation of more sophisticated tools. Socially, it can signify the evolution of cultural norms and values towards more inclusive and equitable practices. Overall, advancement is a multifaceted concept that signifies progress and development across different domains of human activity.",741
Adventure,In less than 1000 characters describe Adventure,"Adventure is a concept filled with excitement and the unknown. It involves stepping out of one's comfort zone to explore new places, try new things, and face challenges. An adventure can be as grand as scaling mountains, traversing forests, sailing the seas, or as simple as discovering a hidden path in a local park. It often brings a sense of freedom and self-discovery, as adventurers push their limits and learn about themselves and the world around them. It can be planned, like a trip to an exotic location, or spontaneous, like a last-minute road trip. Ultimately, adventure is about the journey, not just the destination, and the stories that come from these experiences.",679
Algorithm,In less than 1000 characters describe Algorithm,"An algorithm is a step-by-step procedure for solving a problem or accomplishing a task. It's a finite sequence of well-defined instructions, typically to perform computation, process data, or automate reasoning tasks. Algorithms act as the backbone of computer programs, telling computers precisely what steps to take using input to generate desired output. They can be simple, like a recipe for baking, or complex, like the algorithms behind search engines and social media feeds. Efficiency is key in algorithms; they aim to achieve the maximum output with minimum resources. They are essential for tasks ranging from everyday decision-making to advanced scientific research and are fundamental to the fields of computer science and mathematics.",747
Architecture,In less than 1000 characters describe Architecture,"Architecture is the art and science of designing and constructing buildings and other physical structures. It is a discipline combining creativity, technical knowledge, and practicality to create environments where people live, work, and play. Architects consider aesthetics, functionality, safety, and sustainability when drafting plans, often balancing the desires of clients with the constraints of budgets and laws. Architecture shapes the human experience by influencing how spaces function and feel, and it reflects cultural values and histories. From the ancient pyramids to modern skyscrapers, architecture is an enduring expression of human civilization, constantly evolving with technology and societal changes.",721
Art,In less than 1000 characters describe Art,"Art is a diverse range of human activities involving the creation of visual, auditory, or performed artifacts that express the creator's imagination, conceptual ideas, or technical skill, intended primarily to be appreciated for their beauty or emotional power. It encompasses numerous forms such as painting, sculpture, music, dance, theater, photography, and literature. Art offers a means for people to process experiences, express individuality, and explore cultural and historical perspectives. It stimulates the senses, provokes thought, conveys messages, and elicits emotions. Throughout history, art has played a vital role in documenting and shaping society, serving as a testimony to the human condition.",714
Artificial Intelligence,In less than 1000 characters describe Artificial Intelligence,"Artificial Intelligence (AI) is the simulation of human intelligence processes by machines, especially computer systems. These processes include learning (the acquisition of information and rules for using the information), reasoning (using rules to reach approximate or definite conclusions), and self-correction. AI is used in a vast array of fields, from medicine to gaming, finance, robotics, and beyond. It can perform tasks such as recognizing speech, identifying images, making decisions, and translating languages. AI ranges from simple, rule-based algorithms to complex neural networks mimicking the human brain. It has the potential to drive technological innovation and economic growth but also raises ethical considerations regarding privacy, security, and the future of work.",788
Assumptions,In less than 1000 characters describe Assumptions,"Assumptions are beliefs or ideas accepted as true without proof. They are the starting points for reasoning, hypothesis, or argument, often used to simplify complex situations and make them more manageable. In everyday life and various fields, assumptions help to fill gaps in knowledge where hard data may be unavailable or incomplete. While necessary for decision-making and planning, assumptions can also lead to misunderstandings or errors if they're incorrect or unchallenged. Critical thinking involves examining and testing assumptions for validity. In science and math, assumptions are essential for building theories and models, but they are also continually tested against empirical evidence.",702
Authenticity,In less than 1000 characters describe Authenticity,"Authenticity refers to the quality of being genuine or true. In philosophy, it is often associated with living in accordance with one's values and beliefs rather than conforming to external pressures. In art and antiques, authenticity means that an item is what it's purported to be by its seller or creator, not a forgery or reproduction. In human behavior, authenticity is about being true to one's personality, spirit, or character, despite external influences or expectations. It implies honesty, integrity, and transparency. In a broader cultural context, authenticity can refer to maintaining the originality and purity of traditions or practices. It is a concept highly valued in society, as it fosters trust, connection, and respect.",741
Automation,In less than 1000 characters describe Automation,"Automation involves the use of technology to perform tasks without human intervention. In manufacturing, it often refers to production lines controlled by machines. In information technology, it means software or algorithms that execute repetitive tasks. The goal of automation is to boost efficiency, reduce costs, improve accuracy, and free humans from monotonous labor. While it can lead to significant productivity gains, it also raises concerns about job displacement. As artificial intelligence and robotics become more sophisticated, the scope of automation is expanding into areas like transportation, with self-driving cars, and healthcare, with robotic surgery. Automation is a key driver of modern industry and a fundamental aspect of the digital transformation impacting all sectors of the economy.",810
Bravery,In less than 1000 characters describe Bravery,"Bravery is the quality of being courageous, facing danger, fear, or difficult situations with fortitude and strength of character. It's not the absence of fear but the ability to act in spite of it. Bravery can be physical, in confronting harm or risking one's life, or moral, in standing up for what is right against the odds or popular opinion. It is often celebrated in various cultures as a virtue and is a central theme in countless stories and historical accounts. Bravery can manifest in everyday actions as well as extraordinary circumstances, from speaking out against injustice to trying new experiences despite uncertainty. It's a trait that enables individuals to push boundaries, overcome obstacles, and enact change.",730
Business,In less than 1000 characters describe Business,"Business refers to the organized efforts and activities of individuals to produce and sell goods and services for profit. Businesses range in scale from sole proprietorships to international corporations and operate in diverse markets and industries. The primary goal of a business is to satisfy the needs and wants of customers while generating a return on investment for owners and shareholders. Business activities encompass planning, financing, marketing, production, and distribution. They must also navigate economic conditions, competition, and regulatory environments. The concept of business is fundamental to a country's economy as it is a primary source of employment, innovation, and wealth creation.",712
Cause,In less than 1000 characters describe Cause,"A cause is a person or thing that gives rise to an action, phenomenon, or condition. It is the source or origin of an effect or result, signifying a relationship where one event (the cause) is responsible for the production of another event (the effect). In philosophy and science, understanding causes is crucial for explaining various processes and phenomena. Causality helps in predicting outcomes, understanding the natural world, and making decisions based on the probable consequences of actions. In law and social sciences, a cause can also refer to a motive or reason behind an action, often examined to assign responsibility or liability. Causes can be immediate and direct or can involve a complex chain of events leading to a particular outcome.",756
Change,In less than 1000 characters describe Change,"Change is the process of becoming different, often resulting in a new state or condition. It is a universal constant, evident in the natural world, society, technology, and individual lives. Change can be gradual or sudden, voluntary or forced, and can have positive, negative, or neutral effects. It is driven by various factors, including innovation, environmental shifts, cultural dynamics, and personal decisions. In the realm of personal development, change is often associated with growth and improvement. In business, change management is a structured approach to shifting individuals, teams, and organizations from a current state to a desired future state. Embracing change can lead to progress and new opportunities, while resisting it can result in stagnation.",771
Chaos,In less than 1000 characters describe Chaos,"Chaos refers to a state of extreme confusion and disorder. It's characterized by a lack of predictability and control, often resulting from a system or process that is sensitive to small changes in conditions. In mathematics and physics, chaos theory studies the behavior of dynamical systems that are highly sensitive to initial conditions, a phenomenon popularly referred to as the butterfly effect. In everyday language, chaos implies a situation where traditional forms of analysis are not applicable or where existing structures fail to maintain order. This concept is frequently contrasted with cosmos, which denotes a harmonious and orderly system. Chaos can lead to creative breakthroughs and new order, or it can result in disarray and dysfunction.",757
Civility,In less than 1000 characters describe Civility,"Civility is the act of showing regard for others through polite and courteous behavior. It encompasses respect, consideration, and decency in interactions, often manifesting as adherence to social norms and formalities. Civility is not merely about manners but also about the willingness to engage in public discourse with tolerance and understanding. It's essential for the functioning of diverse societies, facilitating cooperation and preventing conflict. In a broader sense, civility is a foundational aspect of societal ethics, contributing to the social fabric by fostering harmonious relationships and mutual respect among individuals and communities. It is considered a virtue and is integral to effective and positive communication in both personal and public spheres.",777
Communication,In less than 1000 characters describe Communication,"Communication is the act of transferring information from one place, person, or group to another. Every communication involves at least one sender, a message, and a recipient. It may be verbal, using oral or written language, or nonverbal, using body language, gestures, and visual cues. Communication is effective when the recipient understands the message as the sender intended. It's a process that can be enhanced by feedback, which adjusts and refines the message. Communication is fundamental in all aspects of social and professional life, facilitating understanding, cooperation, and coordination. It's a skill that can be learned and improved upon and is vital in building and maintaining relationships in personal, business, and global contexts.",755
Competition,In less than 1000 characters describe Competition,"Competition is a situation where individuals or groups vie for superiority in a particular sphere, often for resources, recognition, or reward. It's a fundamental force in nature, as seen in the biological struggle for survival, and in human society, where it drives innovation, productivity, and progress across economic, sports, academic, and technological fields. In business, competition refers to the rivalry among companies to attract customers and achieve a larger market share. It can foster excellence and efficiency but also lead to conflict and inequality. Competition is regulated in many societies to ensure fairness and prevent monopolistic practices. While it can motivate improvement and foster a merit-based environment, unchecked competition can also create stress and encourage unethical behavior.",816
Constraints,In less than 1000 characters describe Constraints,"Constraints are limitations or restrictions that define the parameters within which a system must operate. They can be physical, legal, social, economic, or technical in nature and often shape the process and outcome of a project or activity. In engineering and design, constraints are critical factors that must be considered when developing a solution to a problem. In economics, they might refer to budget limits or resource scarcity affecting consumer choices and market dynamics. Constraints can also be personal, such as time limits or personal abilities that affect one’s actions. While they may pose challenges, constraints can also inspire creativity and innovation by necessitating alternative approaches to achieving objectives.",739
Contract,In less than 1000 characters describe Contract,"A contract is a legally binding agreement between two or more parties that outlines duties and rights concerning a particular transaction or relationship. Contracts are foundational to commerce and personal dealings, setting clear expectations and terms for the exchange of goods, services, or other valuable considerations. They must include an offer, acceptance, intention to create legal relations, and a form of compensation or value exchange to be enforceable. Contracts can be written or verbal, though written contracts are easier to enforce. They detail what happens when a party fulfills or fails to fulfill the agreement terms, including any penalties or recourse. Contracts are essential for ensuring predictability and fairness in personal and business interactions.",778
Control,In less than 1000 characters describe Control,"Control in its broadest sense refers to the power to influence or direct people's behavior or the course of events. In a technical or mechanical context, it's the means by which a system regulates its operational state or condition. In psychology, control is an individual's ability to command their environment, including other people's behavior, to obtain a desired result. Control is essential for maintaining order and stability, whether through governance, systems operation, or personal self-management. However, the desire for control can also lead to conflict, as it may infringe on autonomy or freedom. Balancing control with flexibility and adaptability is often key to successful management and personal conduct.",723
Coolness,In less than 1000 characters describe Coolness,"Coolness is a subjective cultural and social term that often refers to an aesthetic of attitude, behavior, comportment, appearance, and style which is generally admired. It implies individuality, a laid-back demeanor, and a certain degree of nonchalance, suggesting a person who is calm under pressure and doesn't get overly excited or ruffled by stress. In various subcultures, what is considered cool can vary greatly, but it usually has a connotation of being fashionable and on-trend. Coolness can influence social standing and is often associated with rebellion against social norms. However, its perception is highly variable, depending on context, geography, and time period.",682
Cuisine,In less than 1000 characters describe Cuisine,"Cuisine refers to a style or method of cooking, especially as characteristic of a particular country, region, or establishment. It encompasses ingredients, techniques, and dishes that are unique to a specific culture or geographic area. Cuisine is often used to denote the range of culinary practices and traditions, including the complex interplay of history, environment, and culture that gives rise to distinct flavors and food preparation methods. It can be a form of artistic expression and a means of cultural identity and exchange. French, Italian, Chinese, and Indian cuisines are some prominent examples known worldwide, each with their own set of staple ingredients, seasoning techniques, and typical dishes that represent the gastronomic heritage of their respective cultures.",787
Culture,In less than 1000 characters describe Culture,"Culture is a complex blend of values, beliefs, languages, rituals, customs, and artistic expressions that define a group's distinct identity. It encompasses the collective behavior patterns, social norms, and intellectual achievements of a society. Culture shapes individuals' worldviews and life approaches, influencing everything from cuisine and clothing to morality and governance. It is both inherited from previous generations and created by current members of the community. As a dynamic and adaptive system, culture is subject to change through innovation, interaction with other cultures, and generational shifts. It provides a sense of belonging and identity to its members and can be a source of pride, unity, and sometimes conflict.",744
Dance,In less than 1000 characters describe Dance,"Dance is a form of artistic expression through movement and rhythm of the body, often set to music. It ranges from structured ballets and ballroom dances to improvised movement and cultural folk dances. Dance serves various purposes, including artistic, social, spiritual, and communicative. It can tell stories, express emotion, celebrate events, or be part of a ritual. As a physical exercise, it can promote fitness and well-being. Dance is also a form of social interaction that can break down cultural barriers and enhance community bonds. Each style has its unique movements, techniques, and aesthetics, reflecting the diversity of human culture and creativity across the globe.",684
Design,In less than 1000 characters describe Design,"Design is the intentional creation of a plan or specification for the construction of an object or system, or for the implementation of an activity or process. It involves creativity, innovation, and problem-solving to fulfill specific functions, objectives, or requirements while considering aesthetics, usability, and efficiency. Design spans various disciplines, from graphic and industrial design to architecture and software engineering. It is a process that encompasses research, ideation, prototyping, and refinement. Good design blends form and function to improve experiences, enhance the utility of products, and solve complex problems in a user-centric way. It's a critical element in the development of virtually everything made by humans.",751
Development,In less than 1000 characters describe Development,"Development refers to the process of growth, progress, or evolution of a system, organization, individual, or country. It encompasses a wide range of activities and transformations that lead to a more advanced or mature state. In economic terms, it's the sustained increase in the standard of living and economic health of a population. In a social context, it involves the improvement of well-being, education, and health. Development in technology and business includes the innovation and refinement of products and processes. In personal growth, it denotes the acquisition of skills, knowledge, and experience. Across these domains, development is aimed at achieving higher levels of sophistication, efficiency, and quality of life.",735
Difficult,In less than 1000 characters describe Difficult,"The term ""difficult"" describes something that requires considerable effort or skill to do, understand, or deal with. It denotes a high level of complexity or challenge that is not easily overcome. This could be due to the nature of a task, the presence of obstacles, or a lack of necessary resources or abilities. In personal terms, it often refers to situations or tasks that test one's abilities, patience, or resilience. Difficult can also characterize relationships or interactions that are fraught with tension or discomfort. It's a relative concept, as what is difficult for one person may not be for another, influenced by individual skills, experiences, and perspectives.",679
Digital,In less than 1000 characters describe Digital,"Digital refers to technology that uses discrete, discontinuous representations of information or data. In contrast to analog, which uses continuous ranges to represent information, digital encodes data as discrete values, typically as binary code of 0s and 1s. This allows for easier storage, transmission, and manipulation of data, particularly by computers and electronic devices. Digital technologies encompass a wide range of mediums including computers, smartphones, digital cameras, and the internet. The term also relates to the representation of physical objects or traditional media formats in a digital form, known as digitization. Digital has transformed nearly all aspects of modern life, enabling new forms of communication, entertainment, work, and social interaction.",782
Easy,In less than 1000 characters describe Easy,"""Easy"" describes something that can be accomplished without much effort or difficulty. It denotes simplicity, a lack of complexity, or the ability to be quickly understood or done. Easy tasks are usually straightforward, requiring minimal physical or mental exertion. The term also suggests comfort and convenience, as in an easy chair or an easy pace. In learning, an easy subject is one that is readily comprehensible, perhaps due to an individual’s aptitude for the subject or its uncomplicated nature. Moreover, ""easy"" can characterize a gentle and relaxed approach, as in an easygoing personality. It is often used relatively; what is easy for one person might not be for another.",685
Economy,In less than 1000 characters describe Economy,"The economy encompasses all activities related to production, consumption, and trade of goods and services in an area. It involves the allocation of resources, such as labor, capital, and land, and the creation and distribution of wealth. Economies can be local, regional, national, or global and are measured by indicators like GDP, employment rates, and inflation. They operate within a framework of supply and demand, influenced by government policies, market forces, and consumer behavior. Economic systems, such as capitalism, socialism, and mixed economies, determine the ownership of resources and the structure of economic governance. The health of an economy is key to the standard of living and quality of life of its population.",739
Education,In less than 1000 characters describe Education,"Education is a systematic process of acquiring knowledge, skills, values, and beliefs through methods like teaching, training, storytelling, discussion, and directed research. It occurs in various settings, from formal institutions like schools and universities to informal contexts like home and work. Education can be categorized into stages such as preschool, primary, secondary, and tertiary. It's a lifelong process that enables individuals to develop their potential, become more aware of their cultural heritage, and participate effectively in society. Education aims not only at intellectual growth but also at the holistic development of a person, including moral and social dimensions. It is considered a fundamental human right and a key factor in reducing poverty and inequality, fostering peace, democracy, and economic growth.",840
Effect,In less than 1000 characters describe Effect,"An effect is a change that is a result or consequence of an action or other cause. It can be seen in the form of physical phenomena, psychological responses, or social changes. In science, the term refers to observable phenomena that stem from a specific cause. For instance, the greenhouse effect is the warming of Earth's surface due to the trapping of heat by greenhouse gases. In the realm of cause and effect, the cause is the source of an action, while the effect is the outcome. Effects can be intended or unintended, and they can be immediate or occur over time. Understanding the relationship between cause and effect is essential in fields such as physics, economics, medicine, and history, where it is important to predict or explain outcomes.",754
Empathy,In less than 1000 characters describe Empathy,"Empathy is the ability to understand and share the feelings of another. It's a form of emotional attunement that allows one to see from another's perspective and feel what they feel. Empathy involves both cognitive and affective elements; it's not only recognizing another person’s emotional state but also being moved to respond to it. This capacity helps to forge deep personal connections and is considered vital for healthy relationships and social cohesion. Empathy is a foundational element in the development of moral reasoning and is also a critical skill in professions that involve caring for others, such as medicine, teaching, and counseling. It differs from sympathy, which involves feeling concern for someone, but not necessarily shared emotions.",761
Ethics,In less than 1000 characters describe Ethics,In less than 1000 characters describe In less than 1000 characters describe Ethics,82
Experiment,In less than 1000 characters describe Experiment,"An experiment is a scientific procedure undertaken to make a discovery, test a hypothesis, or demonstrate a known fact. It involves making a prediction or forming a hypothesis and then conducting controlled tests to validate or invalidate that prediction. Experiments are a fundamental component of the scientific method. They are designed to be repeatable and often involve variables, which are conditions that can be changed. Typically, there is an independent variable (manipulated) and a dependent variable (observed for changes). Experiments must be conducted objectively to ensure that the results are reliable and can be used to draw conclusions about the hypothesis. They can be conducted in various settings, from laboratories to field studies.",753
Fact,In less than 1000 characters describe Fact,"A fact is a statement that can be proven true or false. Facts are verifiable through observation, measurement, and can be supported by evidence. They are objective realities, independent of beliefs or opinions. In science and law, facts are established through a rigorous process of evaluation, experimentation, and corroboration. Facts form the foundation for rational discourse, decision-making, and knowledge building. They are distinct from opinions, which are personal beliefs or judgments not necessarily based on evidence or truth. Facts can be simple, like stating the color of the sky, or complex, involving detailed data and analyses. In the information age, the ability to discern facts from misinformation has become increasingly important.",752
Failure,In less than 1000 characters describe Failure,"Failure is the state or condition of not meeting a desirable or intended objective. It can be viewed as the opposite of success. Personal, professional, academic, and business endeavors can all experience failure when they do not achieve their goals. However, failure is often seen as an essential part of the learning process, providing valuable lessons that contribute to future success. It can foster resilience, prompting individuals and organizations to adapt and overcome obstacles. While failure can be discouraging, it is widely recognized as an opportunity for growth, critical reassessment, and innovation. The attitude towards failure—whether one sees it as a setback or a stepping stone—is a significant factor in overall personal and professional development.",772
Fairness,In less than 1000 characters describe Fairness,"Fairness is the quality of making judgments that are free from discrimination or dishonesty. It means treating people equally, without favoritism or bias, and distributing resources and opportunities in a way that is right, equitable, and impartial. Fairness is a fundamental concept in ethics and law, often intertwined with justice. It plays a crucial role in social interactions and relationships, fostering trust and cooperation. In various systems, like legal and educational, fairness is sought through structured processes and rules to ensure that all individuals receive equal treatment. While the perception of what is fair can be subjective, the pursuit of fairness is about striving for a balance that is morally justifiable and socially beneficial.",760
Family,In less than 1000 characters describe Family,"Family is a social unit that binds individuals through biological, legal, or emotional ties. It traditionally includes parents and their children but can encompass a wider network of relatives such as grandparents, aunts, uncles, and cousins. Families provide members with emotional support, identity, and a sense of belonging. They play a crucial role in socialization, imparting values, culture, and traditions to younger generations. Family structures vary widely across cultures and have evolved with societal changes, now including single-parent, blended, and chosen families, among others. The concept of family extends beyond human kinship to describe close-knit groups sharing common interests or goals. Despite the diversity, the essence of family lies in the bonds of love and commitment that connect its members.",823
Freedom,In less than 1000 characters describe Freedom,"Freedom is the power or right to act, speak, or think without hindrance or restraint. It is a principle that supports the autonomy of the individual and the ability to make choices without coercion. Freedom is often associated with civil liberties such as freedom of speech, religion, and the press. It's considered a fundamental human right and is enshrined in many democratic societies and international declarations. However, freedom is not absolute; it comes with responsibility and is balanced by the need to respect the freedoms and rights of others. In philosophy and ethics, freedom is also examined in the context of free will and determinism. The pursuit of freedom has been a driving force behind historical movements for political change, social justice, and independence.",784
Friend,In less than 1000 characters describe Friend,"A friend is someone with whom you have a bond of mutual affection, typically one exclusive of sexual or family relations. Friends provide companionship, emotional support, and can often share similar interests or backgrounds. Friendship involves trust, the willingness to support each other, and the ability to be oneself without fear of judgment. It's a relationship that can bring joy, comfort, and a sense of belonging. Friends often play a significant role in an individual's personal development and well-being. While friendships can vary in closeness and duration, they are generally characterized by love, respect, and a commitment to each other's happiness and growth.",676
Future,In less than 1000 characters describe Future,"The future refers to the time or a period that will come after the present or the events that will occur then. It is the domain of the unknown, often the subject of speculation, planning, and prediction. The future is a central concept in philosophy, with discussions around determinism and free will. In a practical sense, considering the future is essential for setting goals, making decisions, and preparing for what lies ahead. It is also a source of hope and motivation, encouraging people and societies to envision and work towards preferred scenarios, whether it involves personal aspirations or global outcomes. The future is inherently uncertain, yet it drives innovation, strategy, and progress as people strive to shape it.",734
Game,In less than 1000 characters describe Game,"A game is a structured form of play, usually undertaken for enjoyment, entertainment, and sometimes used as an educational tool. Games differ from work, which is typically carried out for remuneration, and from art, which is more often an expression of aesthetic or ideological elements. They are played for a variety of reasons, including pure pleasure, challenge, and reward, social interaction, and psychological stimulation. Games can be based on strategy, chance, physical skill, or a combination of these, and are often designed with a set of rules that determine how they are played and what constitutes success in the game's context. They can range from simple solo activities like solitaire to complex, immersive experiences involving multiple participants, often facilitated by digital technology.",807
Government,In less than 1000 characters describe Government,"Government is the system or group of people governing an organized community, often a state. It has the authority to make and enforce laws, manage public policy, and regulate a territory's affairs. Governments are responsible for providing public services, ensuring national security, maintaining order, and protecting citizens' rights. They can take various forms, including democracies, monarchies, dictatorships, and oligarchies, based on how leaders are chosen and how power is exercised. The role and size of government in society often reflect the political and economic philosophies of its leaders and citizens. Governments are funded primarily through taxation and work within a set of political and legal frameworks to shape the socio-economic structure of the community they serve.",791
Groupthink,In less than 1000 characters describe Groupthink,"Groupthink is a psychological phenomenon that occurs within a group of people in which the desire for harmony or conformity in the group results in an irrational or dysfunctional decision-making outcome. Group members try to minimize conflict and reach a consensus decision without critical evaluation of alternative viewpoints, often leading to poor decisions. It is fostered by group isolation, a lack of impartial leadership, and homogeneity of members' social backgrounds and ideologies. Groupthink can result in the overlooking of potential problems, the suppression of dissenting viewpoints, and the illusion of unanimity. It's considered detrimental to effective group functioning and is a subject of study in the fields of communication, social psychology, and organizational theory.",791
Happiness,In less than 1000 characters describe Happiness,"Happiness is a state of well-being and contentment, characterized by positive emotions ranging from contentment to intense joy. It is a subjective experience that can be affected by a number of factors including genetics, lifestyle, achievements, and social relationships. Philosophically, happiness has been considered both as an end in itself and as a means to other ends. In psychology, it's studied as part of positive psychology and regards life satisfaction, fulfillment, and purpose. Different cultures have various interpretations of happiness, often reflected in their values and traditions. Pursuing happiness is a fundamental human goal, and it's often seen as an indicator of quality of life and societal progress.",726
Humility,In less than 1000 characters describe Humility,"Humility is a virtue that involves a modest view of one's own importance. It's the quality of being humble and entails a recognition of one's own limitations and fallibility. Humility allows individuals to acknowledge their mistakes, learn from others, and appreciate others' contributions. It does not mean having a low opinion of oneself but rather not regarding oneself as more important than one is. Humility is often associated with being grounded, respectful, and unpretentious. It is considered an important trait in many philosophical and religious traditions, as it fosters openness, growth, and strong relationships. In leadership, humility can be a strength, leading to more collaborative environments and the ability to inspire trust.",746
Idealism,In less than 1000 characters describe Idealism,"Idealism is a philosophical and ethical stance that emphasizes the importance of ideals, principles, and values in shaping human experience and reality. In philosophy, it's the theory that reality is fundamentally mental or spiritual. Idealists posit that the world as we perceive it is constructed by our minds and that the true nature of objects derives from how they are experienced within consciousness, rather than existing independently. Ethically, idealism implies a commitment to live according to high standards of conduct and belief, often focusing on what could be rather than what is. It's associated with optimism and the belief that positive outcomes are attainable through good intentions and actions. In a broader sense, idealism champions the potential for improvement in individuals and societies.",815
Imagination,In less than 1000 characters describe Imagination,"Imagination is the faculty or action of forming new ideas, images, or concepts that are not present to the senses. It is the ability of the mind to be creative or resourceful. Imagination is integral to the arts, literature, and sciences; it enables people to conceive of something novel or to see beyond the immediate environment. It plays a key role in innovation and problem-solving by allowing the mind to explore possibilities and scenarios that do not yet exist or have not been experienced. In children, imagination takes the form of play and is crucial to cognitive development. For adults, it can be a means of escape from the mundane or a tool for envisioning and working toward a different future. It's a unique human capacity that contributes to our ability to envisage and shape the world.",802
Improvisation,In less than 1000 characters describe Improvisation,"Improvisation is the act of creating or performing spontaneously, without preparation or premeditation. It's a skill highly regarded in various arts, especially in music, dance, and theater, where performers invent and execute their expressions in real-time. In everyday life, improvisation can refer to the ability to quickly adapt to new situations and solve problems with available resources. It involves creativity, adaptability, and presence of mind. Improvisation is not purely random; it often follows certain rules or principles that provide a framework within which spontaneity can occur. This capacity is critical in dynamic environments and situations where traditional approaches are inadequate or unavailable. It can lead to novel solutions and often reflects a deep understanding of the subject matter.",816
Infinity,In less than 1000 characters describe Infinity,"Infinity refers to something without any limit or end, an idea prominently featured in various fields such as mathematics, physics, and philosophy. In mathematics, infinity is symbolized by the lemniscate (∞) and is used in concepts like infinitely large numbers, infinite sequences, and points at infinity in projective geometry. In physics, it often appears in theoretical constructs, such as infinite space or singularities in astrophysics. Philosophically, infinity can represent endless time or boundlessness. While infinity is not a number or a place, it is a useful way to describe and think about limits, continuity, and the unbounded nature of the universe. It challenges human comprehension, representing the concept of the limitless or immeasurable.",760
Influence,In less than 1000 characters describe Influence,"Influence is the capacity to have an effect on the character, development, or behavior of someone or something, or the effect itself. It can be exerted through leadership, persuasion, or another form of guidance. In social contexts, individuals or organizations may influence others through their actions, words, or positions in society. Media, culture, peers, and family are common sources of influence on individuals' attitudes and behaviors. In business and politics, influence often correlates with power and can shape decisions and policy. Influence can be positive, inspiring change and growth, or negative, leading to undesirable outcomes. It is a fundamental aspect of social interactions and relationships, affecting how ideas and trends spread and evolve.",765
Infrastructure,In less than 1000 characters describe Infrastructure,"Infrastructure refers to the fundamental facilities and systems serving a country, city, or area, including the services and facilities necessary for its economy to function. It typically covers physical assets like roads, bridges, tunnels, water supply, sewers, electrical grids, telecommunications (including internet connectivity and broadcasting), and in some contexts, public institutions like schools, post offices, and hospitals. Infrastructure is a critical driver of economic growth and development, providing the groundwork for commerce and the daily lives of residents. Well-planned and maintained infrastructure can lead to improved quality of life and efficient movement of goods and people. Conversely, inadequate infrastructure can impede economic performance and result in lower standards of living.",815
Insanity,In less than 1000 characters describe Insanity,"Insanity is a term that historically referred to a state of being seriously mentally ill; it is not a medical diagnosis but rather a legal and social concept. In the legal context, insanity is used to describe a person's inability to understand the wrongfulness of their actions at the time of a crime, which can affect judgments of responsibility and punishment. Psychologically, behaviors that might be considered signs of insanity include severe mental disorders characterized by a disconnect from reality, such as psychosis or schizophrenia. The term is less used in contemporary psychology and psychiatry, which describe such conditions with specific diagnoses. Insanity also colloquially refers to actions that appear extremely foolish or irrational, deviating from what is considered normal behavior.",807
Intangible,In less than 1000 characters describe Intangible,"Intangible refers to something that cannot be perceived with the senses. Unlike physical objects, intangible items are not tangible or touchable. This term is often used in a business context to describe assets that do not have a physical presence but still hold value, such as intellectual property, brand reputation, or goodwill. Intangibles are also used more broadly to refer to qualities or features that are not material or physical, such as emotions, skills, or culture. These non-physical aspects can significantly impact decision-making, behaviors, and performance, both in personal life and in the business world. Despite their lack of physicality, intangible elements are critical components of human experience and value creation.",742
Intuition,In less than 1000 characters describe Intuition,"Intuition is the ability to understand something instinctively, without the need for conscious reasoning. It is often described as a ""gut feeling"" or an ""inner voice"" that guides one towards certain decisions or actions. Intuition is a cognitive process that synthesizes the knowledge and experiences stored in the subconscious mind, leading to rapid conclusions that may not immediately be explainable by logic. It plays a crucial role in problem-solving, creativity, and decision-making, especially when time is limited or data is incomplete. While intuition can be a valuable tool, relying solely on it without balancing with rational analysis can lead to flawed decisions. It is a subject of interest in psychology, philosophy, and cognitive science.",754
Joy,In less than 1000 characters describe Joy,"Joy is a profound feeling of great pleasure and happiness. It's an emotion that is often more intense and less transient than general happiness. Joy can arise from various stimuli, such as personal achievements, good fortune, or the well-being of loved ones. It's a positive response to the fulfillment of desires or the enjoyment of something desirable or valuable. Joy can be experienced through physical sensations, such as smiling and laughter, or through deep, sometimes spiritual, feelings of contentment and satisfaction. It's a core component of many philosophical and religious traditions, which often see it as a path to a meaningful life. Joy is not only a personal experience but also a connective one that can be shared with others, creating bonds and uplifting communities.",787
Justice,In less than 1000 characters describe Justice,"Justice is a concept of moral rightness based on ethics, rationality, law, natural law, fairness, or equity. It involves the application of laws that are just and equitable, ensuring that individuals receive what they are due, whether it be protection, resources, or punishment. Justice is a foundational principle of legal and social institutions, aiming to maintain order and redress wrongs. It plays a critical role in upholding rights and responsibilities within societies. Philosophical discussions of justice date back to antiquity and continue in various forms, such as distributive justice (fair distribution of resources), retributive justice (fair punishment for wrongdoing), and restorative justice (repairing the harm caused by criminal behavior). The pursuit of justice seeks to balance the scales between the individual's needs and the interests of the community.",877
Law,In less than 1000 characters describe Law,"Law is a system of rules created and enforced through social or governmental institutions to regulate behavior. It shapes politics, economics, history, and society in various ways and serves as a mediator of relations between people. Laws are made by governments, based on statutes, decisions by judges, and agreements made by private individuals. The purpose of law is to provide order, protect individual rights, resolve disputes, and establish standards for the common good. Legal systems vary worldwide, reflecting cultural and societal norms. In democratic societies, laws are created through the legislative process and are meant to be fair and transparent, providing a framework within which freedom and justice can flourish. Law is a complex discipline that encompasses various fields and practices, such as criminal, civil, and international law.",855
Leadership,In less than 1000 characters describe Leadership,"Leadership is the act of guiding and directing a group towards achieving a common goal. It involves setting a vision, inspiring and motivating others, making strategic decisions, and building teams to accomplish tasks. Leadership is not solely about holding a position of power, but about exhibiting qualities that encourage and influence others to contribute their best efforts. Effective leaders possess traits such as integrity, accountability, empathy, resilience, and the ability to communicate effectively. They also have the skills to analyze situations, delegate tasks, and solve problems. Leadership can be practiced in various settings, from political and corporate arenas to educational institutions and community organizations. It's a critical factor in the success of any collective endeavor.",805
Love,In less than 1000 characters describe Love,"Love is a complex set of emotions, behaviors, and beliefs associated with strong feelings of affection, protectiveness, warmth, and respect for another person. It can also extend to objects, activities, and animals. Love can be categorized in various forms, including familial love, romantic love, friendship, and altruistic love. It is a central theme in the arts and a subject of significant interest in philosophy and religion. In science, love is studied as a psychological state and a biological drive akin to hunger or thirst. It's considered a crucial component of human connection and well-being. Despite its universality, love is interpreted differently across cultures and personal experiences, making it one of the most profound and celebrated emotions in human life.",778
Magic,In less than 1000 characters describe Magic,"Magic can refer to a supernatural force that can alter the normal course of events, often invoked through rituals, symbols, actions, gestures, and language. In entertainment, magic is a performing art that entertains audiences by creating illusions of seemingly impossible or supernatural feats using natural means. These range from sleight of hand to appearances and disappearances, often leaving the audience in wonder and amazement. Historically, magic has been a part of spiritual and religious practices, and in many cultures, it has a serious context involving rituals believed to invoke divine powers. In popular culture, magic is a theme in various forms of literature and media, portraying a world of fantasy where wizards, witches, and magical creatures perform enchanting spells and feats.",800
Management,In less than 1000 characters describe Management,"Management is the process of planning, organizing, leading, and controlling the efforts of organization members and of using all organizational resources to achieve stated organizational goals. It involves coordinating the work activities so that they are completed efficiently and effectively with and through other people. Management functions include formulating corporate policy, setting objectives, developing strategies, arranging human and other resources in the most effective and efficient way, making decisions, and resolving problems. It is both an art and a science, requiring a blend of technical skills, human relations skills, and conceptual thinking. Good management is critical for the success of any organization, ensuring that its resources are used to the best effect and its objectives are met.",815
Marketing,In less than 1000 characters describe Marketing,"Marketing is the business process of creating relationships with and satisfying customers. It involves identifying consumer needs and desires, producing products or services that fulfill them, and engaging with audiences to promote and sell those products or services. Marketing encompasses a wide range of activities, including market research, content creation, advertising, sales, and customer service. It aims to deliver value and build brand loyalty, using strategies like segmentation, targeting, positioning, and branding. With the advent of digital technologies, marketing strategies have expanded to include online channels, social media, and data analytics. Effective marketing is key to an organization's success, as it helps to attract and retain customers and to adapt to changing market conditions.",812
Meaning,In less than 1000 characters describe Meaning,"Meaning is the significance, purpose, or understanding derived from something. It can refer to the inherent symbolism of an object, the message conveyed by a piece of communication, or the deeper significance of an action or event. Philosophically, it delves into the essence of existence and consciousness. In linguistics, meaning is the content carried by words and sentences. Psychologically, finding meaning is essential to human well-being, providing a sense of purpose and direction in life. It can be subjective, varying greatly from person to person, influenced by culture, experiences, and personal values. The quest for meaning is a central human endeavor, as it helps to contextualize our experiences within a larger framework of understanding.",755
Measurement,In less than 1000 characters describe Measurement,"Measurement is the process of obtaining the size, quantity, or degree of something using established units. It's a fundamental element of the empirical sciences, allowing for comparisons and the establishment of universal standards. Measurements can be physical, such as length, mass, and time, or abstract, like measuring economic growth, happiness, or other less tangible properties. The accuracy of measurements is critical, often requiring precision instruments and standardized methods. In daily life, measurement enables the functioning of commerce, technology, and many aspects of everyday activities. Scientifically, it underpins experimentation, hypothesis testing, and theory development. It's a way of understanding and interacting with the world in a quantitative manner.",783
Media,In less than 1000 characters describe Media,"Media refers to the various means of communication used to reach and engage a wide audience. This includes traditional forms such as newspapers, magazines, television, and radio, as well as digital platforms like the internet, social media, and streaming services. Media serves as a conduit for information, entertainment, education, and advertising. It plays a critical role in shaping public opinion, cultural norms, and political landscapes. With the advent of the digital age, media has undergone transformation, leading to increased interactivity, user-generated content, and accessibility. The term ""media"" can also extend to the entities that control these communication avenues, often referred to as ""the media,"" which have significant influence on societal discourse.",776
Military,In less than 1000 characters describe Military,"The military is the armed force of a state, tasked with defending its national interests, sovereignty, and territorial integrity against external and internal threats. It consists of the army, navy, air force, and sometimes other branches like the marines and coast guard. The military operates under a strict system of discipline and hierarchy, with a focus on training, readiness, and strategic planning. It can also engage in peacekeeping missions, disaster relief, and supporting civilian authorities in maintaining order. The role of the military has evolved to address a range of modern security challenges, including terrorism and cyber warfare. Military power is a significant aspect of a nation's strength and is often reflected in its defense budget and technological capabilities.",791
Money,In less than 1000 characters describe Money,"Money is a medium of exchange that facilitates the buying and selling of goods and services. It's an economic unit of account and a store of value. Traditional forms of money include coins and paper currency, while modern forms include digital or electronic money. Money allows for the standardization of the value of products and services, enabling easier comparison and trade. It evolved from systems of bartering and has taken various forms throughout history, such as shells, precious metals, and banknotes. Central banks regulate a country's money supply and manage monetary policy to maintain economic stability. Money is not just a physical object but a concept agreed upon by societies to represent worth and facilitate commerce.",737
Motivation,In less than 1000 characters describe Motivation,"Motivation is the process that initiates, guides, and maintains goal-oriented behaviors. It's what causes us to act, whether to grab a glass of water to reduce thirst or read a book to gain knowledge. It involves biological, emotional, social, and cognitive forces that activate behavior. In psychology, motivation is often broken down into two types: intrinsic, arising from internal rewards, and extrinsic, performed to receive an external reward. Motivation is a critical factor in setting and attaining objectives and is a central concept in most behaviorist theories of psychology. It's the driving force behind human actions and is influenced by factors such as the perceived value of goals, expectations of rewards, the attractiveness of incentives, and personal interests and desires.",792